6829;Understanding the rich molecular spectra observed with NIRspec and MIRI/MRS toward protostellar outflows;David Neufeld;&nbsp;;&nbsp;;&nbsp;
6927;Groundbreaking Constraints on the Galactic Dust Extinction Law in the High-Opacity Regime;Matthew Ashby;12;14.4;NIRSpec/MOS
7024;From Accretion to Dispersal: Understanding Disk Evolution Around the Most Common Stars;Ilaria Pascucci;12;74.0;NIRSpec/IFU
7040;Filling the Gaps: a Census of Dust Production from Gap Transients;Ryan Lau, Jacob Jencson;0;1.7;MIRI/Imaging
7084;Measuring the Thickness of a J-Shock in Cep A West;Joel Green;12;19.3;MIRI/MRS
7085;Dust Evolution in Molecular Cores;Roberta Paladini;12;24.1;NIRSpec/MOS
7087;A High Precision Disk Opacity Law from the Great Serpens Shadow;Joel Green;12;6.0;MIRI/Imaging,NIRCam/Imaging
7230;Shadows and Dust - MIREX Mapping of a Massive Molecular Filament;Jonathan Tan, Ruben Fedriani and Zhi-Yun Li;12;8.1;MIRI/Imaging,NIRCam/Imaging
7301;A New Modeling Toolkit for JWST Ice Observations;Christopher Shingledecker;&nbsp;;&nbsp;;&nbsp;
7306;The Formation of Crystalline Silicate Dust -- Testbed Observations of post-AGB Stars with JWST;Raghvendra Sahai;12;28.9;MIRI/MRS
7396;Exploring the Last Watering Hole of Low Metallicity PAH Emission: Deep Spectroscopic Observations of Sextans A;Elizabeth Tarantino;12;41.8;MIRI/MRS,NIRSpec/IFU
7433;Mass inflow structures in star formation from filaments to streamers: the unique field of Orion Molecular Cloud 3;Mika Juvela;6;7.1;MIRI/Imaging,NIRCam/Imaging
7575;Shocks and destruction of dust in the ring of Supernova 1987A;Mikako Matsuura, Richard Arendt;12;6.4;MIRI/Imaging,NIRCam/Imaging
7715;Unique insights into the chemical composition of interstellar silicate dust grains in the Milky Way;Marjorie Decleir;12;35.7;MIRI/MRS
7717;Topological Mapping of Superbubbles and ISM Structures with JWST;Theo O&#39;Neill;&nbsp;;&nbsp;;&nbsp;
7728;Investigating a New Evolutionary Channel for Dying Stars;Raghvendra Sahai;12;19.5;MIRI/MRS,NIRSpec/FS
7772;Interstellar PAHs: separating the neutrals from the ions;Els Peeters;12;49.8;MIRI/MRS,NIRSpec/IFU
7800;An Empirical Benchmark for H2 and PAHs at Extremely Low Metallicity;Elizabeth Tarantino;12;19.5;NIRSpec/IFU
7806;The infancy of a supernova remnant: Probing ejecta dynamics, dust evolution, and the emerging compact object in SN 1987A with JWST;Patrick Kavanagh, Josefin Larsson;12;18.6;MIRI/MRS,NIRSpec/IFU
7929;JWST Near-Infrared Dust Extinction Survey: Taking it to the Next Level from Space;Karl Gordon;0;1.7;NIRSpec/FS
7965;Probing the chemical evolution of the carriers of the Aromatic Infrared Band emission.;Els Peeters;12;13.6;MIRI/MRS,NIRSpec/IFU
8007;Characterizing C60 cations in the cavity of NGC 7023;Alexander Tielens, Jan Cami and Els Peeters;12;13.9;MIRI/MRS
8105;Are Supernovae Dust Builders or Wreckers? Let&#39:s Settle This!;Melissa Shahbandeh;0;108.0;MIRI/Imaging,MIRI/LRS,NIRSpec/FS
8185;A pocket of last resistance: characterizing the evaporating globule near a massive O-star binary;Arjan Bik, Maria Claudia Ramirez-Tannus;12;8.6;MIRI/MRS,NIRSpec/IFU
8527;The 3D Interstellar Medium at Milliparsec Scales: Pathbreaking Observations of Cas A Thermal Light Echoes;Joshua Peek;12;63.3;NIRCam/Imaging
8887;Bridge the gas and ice of complex organic molecules in high-mass protostars;Yuan Chen;12;44.3;MIRI/MRS
8961;Probing the cosmic ray ionization rate with H2 rovibrational line emission - the Taurus survey;Shmuel Bialy;12;47.1;NIRSpec/MOS
9051;EXploring the WIM with JWST MIRI;Shrinivas Kulkarni;&nbsp;;&nbsp;;&nbsp;
9065;Characterizing environmental effects on the formation and evolution of water in star-forming regions: Orion as a case study;Katerina Slavicinska;12;26.0;MIRI/MRS,NIRSpec/IFU
9105;Pioneering Supernova Dust Studies with JWST: Detection of Dust Precursors in SN 2024ahv;Melissa Shahbandeh;0;13.4;MIRI/Imaging,MIRI/LRS,NIRSpec/FS
6793;Spectroscopic Verification of Robust z&gt:15 Galaxy Candidates Selected with Multiple Medium-Band Datasets;Yuichi Harikane;12;81.2;NIRSpec/MOS
6796;Resolving Multi-phase Outflow/Inflow via Gas Dynamics and Chemical Abundance Distribution in a Sub-L* Dwarf Galaxy at z=6.1;Seiji Fujimoto, John Chisholm;6;60.7;NIRCam/Imaging,NIRSpec/MOS
6882;Vast Exploration for Nascent, Unexplored Sources (VENUS);Seiji Fujimoto, Dan Coe;0;243.4;NIRCam/Imaging,NIRISS/Imaging
6954;Spectroscopic confirmation of the most robust z=15 galaxy candidate;Callum Donnan, Derek McLeod;12;5.9;NIRSpec/FS
7014;Searching for Population III stars around massive interacting galaxies in the reionization epoch;Antonello Calabro&#39;;12;62.8;NIRSpec/IFU
7049;A Unique Opportunity to Probe Lensing-Magnified Star Clusters in a Low-Mass Galaxy at z_spec=8.3 with JWST;Lamiya Mowla, Kartheik Iyer;12;50.0;NIRSpec/IFU
7081;A Race Against the Clock: Too Much Nitrogen, Too Early?;Danielle Berg;12;25.8;NIRSpec/MOS
7184;Measuring H0 with Deep NIRcam imaging of the next generation of time-delay lenses;Martin Millon;12;23.7;NIRCam/Imaging
7201;A deep look into the physics of the interstellar medium 360 Myr after the Big Bang;Marco Castellano, Jorge Zavala;12;28.7;NIRSpec/MOS
7208;THRIFTY: The High-RedshIft FronTier surveY;Romain Meyer;12;2.0;NIRSpec/IFU
7238;Constructing High-Dynamic Range PSFs for the MIRI detector for accurately calibrating extended source photometry;Andras Gaspar;&nbsp;;&nbsp;;&nbsp;
7335;Forever Blowing Bubbles: What Powers a 24-kpc Ionized Gas Nebula Around a Normal Galaxy at z=6?;Francesco D&#39;Eugenio, Kevin Hainline;12;14.2;NIRSpec/IFU
7336;Commission a new R~2500 `IFU` on JWST: Calibrating second-order spectra of NIRCam/WFSS through Hubble Ultra Deep Field;Fengwu Sun;0;12.2;NIRCam/WFSS
7390;Probing Pair-Instability Supernovae through the Triply-lensed MACS0647-JD at z=10.17;Yunjing Wu, Zheng Cai and Fengwu Sun;12;26.2;NIRSpec/MOS
7404;How I wonder what you are -- do JWST&#39:s Little Red Dots twinkle? Testing broad-line and continuum variability on week, month, and six-month timescales;Rohan Naidu, John Chisholm and Jorryt Matthee;0;49.2;NIRCam/WFSS
7417;Brightest &amp: Farthest: Confirming intrinsically luminous z~10-12 Galaxies in COSMOS;Caitlin Casey, Hollis Akins and Maximilien Franco;12;47.6;NIRCam/Imaging,NIRSpec/MOS
7436;The Last Neutral Islands at the End of Reionization? Characterizing the Nature of the Longest Dark Gaps in IGM Transmission at z~5.3;Xiangyu Jin;12;18.4;NIRCam/WFSS
7488;Echoes of Silence: Absorption Line Spectroscopy of a Massive Quiescent Galaxy at z=7.3;Andrea Weibel;12;14.1;NIRSpec/MOS
7511;Sleeping Beauties: On the Search for Dormant Galaxies in the First Gyr;Alba Covelo-Paz, Pascal Oesch;12;19.1;NIRCam/Imaging,NIRSpec/MOS
7519;How do dark matter halos connect with supermassive black holes and their host galaxies?;Junya Arita;12;47.2;NIRCam/WFSS
7583;Unique H-alpha imaging of a z=3.95 starbursting protocluster;Shuowen Jin;6;7.2;NIRCam/Imaging
7605;Disclosing the nature of GN-z11 with MIRI rest-frame near-IR imaging;Luis Colina Robledo, Alejandro Crespo Gomez;3;29.2;MIRI/Imaging
7677;Pushing the Faintest Limits: Extremely Low-Luminosity and and Pop III-like Star-Forming Complexes in the Early Universe;Eros Vanzella, Matteo Messa;12;17.4;NIRSpec/IFU
7722;To catch an AGN: Ionizing Emission and AGN Activity of COLA1 in the Epoch of Reionization;Alberto Torralba, Jorryt Matthee;12;18.5;NIRSpec/MOS
7729;Unveiling Early Cosmic Enrichment: Direct Metallicities in z&gt:6 Galaxies from Deep JWST Spectroscopy;Guido Roberts-Borsani;12;67.2;NIRSpec/MOS
7814;MINERVA: Unlocking the Hidden Gems of the Distant Universe and Completing HST and JWST&rsquo:s Imaging Legacy with Medium Bands;Adam Muzzin, Danilo Marchesini and Katherine Suess;0;259.8;MIRI/Imaging,NIRCam/Imaging
7901;Improving JWST/NIRSpec Data Reduction: Addressing Correlated Noise and 1D Spectral Extraction Limitations;Debora Pelliccia;&nbsp;;&nbsp;;&nbsp;
8018;DIVER: Deep Insights into UV Spectroscopy at the Epoch of Reionization;Xiaojing Lin;0;19.0;NIRSpec/MOS
8047;Extremely massive galaxies in the early universe? Confirming the nature of the most model-breaking object by hunting for stellar absorption features;Bingjie Wang, Erica Nelson;12;19.6;NIRSpec/MOS
8051;MIRI Spectroscopic survey at z~10: Insights into the Nature of Primordial Galaxies;Javier Alvarez-Marquez, Luis Colina Robledo;6;128.9;MIRI/LRS
8358;Revealing the True Nature of Little Red Dots with Deep Continuum Observations of an IR-Bright LRD at z=3.1;Guillermo Barro, Pablo Perez-Gonzalez;12;19.9;MIRI/MRS,NIRSpec/IFU
8410;A Census of Galaxy Kinematics and Outflows to z ~ 7;Raymond Simons;0;65.3;NIRCam/Imaging,NIRSpec/MOS
8512;Dissecting ?Coalescence of Primeval Galaxies;Daichi Kashino;12;25.1;NIRSpec/IFU
8539;Probing the distant universe through GRB afterglow spectroscopy;Nial Tanvir;6;6.6;NIRSpec/FS
8544;Rest-Frame Optical Nebular Emission Lines at Cosmic Dawn: MIRI/LRS Follow-Up for JADES-GS-z14-0;Jakob Helton;0;62.6;MIRI/LRS
8559;SPAM: Star-formation from Photometry through the Addition of Medium-bands;Kelcey Davis, Rebecca Larson;0;62.8;NIRCam/Imaging
8709;Confronting Lyman-alpha Radiation Pressure Feedback in the JWST Era;Aaron Smith, Olof Nebrin;&nbsp;;&nbsp;;&nbsp;
8792;Unlocking the massive stars behind the most spectacular fireworks displays in the early Universe;Peter Senchyna;12;81.7;NIRSpec/MOS
8799;SN Requiem and its Encore: Leveraging the first strongly lensed SN-Ia siblings for precision cosmology;Sherry Suyu, Justin Pierel;12;2.5;NIRCam/Imaging
8915;In Search of Siblings: Spectroscopic Follow-Up of a Candidate Massive Quiescent Galaxy at z ~ 7;Andrea Weibel;12;4.2;NIRSpec/MOS
9016;Galaxy Formation at The Redshift Frontier: Ultra-Deep NIRSpec Observations of z&gt:13 galaxies;Daniel Stark;12;55.8;NIRSpec/MOS
9026;An extraordinary z=4.4 starburst as a detailed astrophysical laboratory to solve Cosmic Dawn mysteries;Ryan Sanders;12;9.8;MIRI/MRS
9165;Does Bursty Star Formation Explain the Astonishing Abundance of Bright z&gt:10 Galaxies?;Ryan Endsley, Daniel Stark;12;57.1;MIRI/Imaging,MIRI/LRS
9180;Ushering in the JWST Era of Precision Constraints on Reionization: A Survey of Faint Quasar IGM Damping Wings at 6.5 &lt: z &lt: 7.4;Joseph Hennawi, Timo Kist and Daming Yang;12;94.1;NIRSpec/FS
9214;Unlocking the nature of the first galaxies with ultra-deep rest-UV spectroscopy;Charlotte Mason, Daniel Stark;0;179.8;NIRSpec/MOS
6876;An Stellar (JAGB/Carbon star) Distance to the Coma Cluster: Establishing Four New Determinations of the Hubble Constant;Wendy Freedman, Barry Madore;12;14.7;NIRCam/Imaging
6958;Past, present, and future of a dynamically cold disk in an extreme environment;Francesco Valentino, Francesca Rizzo;12;4.6;MIRI/Imaging,NIRCam/Imaging
7034;Distance Scale Linkages between JWST Tip of the Red Giant Branch and JWST/HST Surface Brightness Fluctuations (and SNIa in E Hosts);R. Tully, Gagandeep Anand;12;43.0;NIRCam/Imaging
7041;The CLASSYIR Treasury: Unveiling the Cosmic Engines Powering Galaxies with JWST/MIRI;Danielle Berg, Bethan James;0;78.7;MIRI/MRS
7113;Toward a 1% measurement of H0 with all-sky SBF distances at substantial redshifts;R. Tully;12;1.7;NIRCam/Imaging
7232;Orphan Dwarfs: Benchmarking Low-Mass Galaxy Evolution in an Isolated Environment;Roger Cohen;12;33.6;NIRCam/Imaging
7240;Gas cooling in the molecular CGM of the Spiderweb: in-situ galaxy growth at z=2;Bjorn Emonts, Pierre Guillard and Matthew Lehnert;12;36.3;MIRI/MRS
7261;JWST Simulations of Molecular Outflows around Star-forming Galaxies;Benjamin Oppenheimer;&nbsp;;&nbsp;;&nbsp;
7345;The Dragon survey: A Direct Probe of the Early Stellar Luminosity Function and Dark Matter through Multi-cycle Multi-cadence Microlensing at z=0.73;Yoshinobu Fudamoto, Fengwu Sun;12;35.9;NIRCam/Imaging
7573;The first complete picture of the star-formation cycle at z=1 from molecular clouds to star cluster complexes;Miroslava Dessauges-Zavadsky, Matteo Messa;12;11.8;NIRCam/Imaging,NIRSpec/IFU
7711;Warm Dust in the Circumgalactic Medium in Formation around the Makani Galaxy;Sylvain Veilleux;12;26.3;MIRI/MRS,NIRSpec/IFU
7763;J-Virgo: A JWST Treasury Survey of the Virgo Cluster;Daniel Weisz, Abigail Lee;0;146.6;NIRCam/Imaging,NIRISS/Imaging
7874;Dust After Quenching: A Mid-Infrared View into the Hidden ISM of Distant Massive Galaxies;Stacey Alberts, Katherine Suess;12;35.8;MIRI/MRS,NIRSpec/IFU
7912;A New Window on Galaxy Structure: Mid-IR Morphology with MEGA;Gregory Troiani;&nbsp;;&nbsp;;&nbsp;
7957;MEGA Spectra: Black Hole Growth and ISM Conditions at Cosmic Noon;Allison Kirkpatrick;12;38.3;NIRSpec/MOS
7973;Mid-Infrared Abundances of Gaseous Environments (MIRAGE): A MIR Approach to the Abundance Discrepancy;Noah Rogers;12;57.6;MIRI/MRS
7978;Our grasp of star formation, feedback, and galaxy evolution is incomplete without a JWST+HST look at the HI-dominated, outer disk of a spiral galaxy;David Thilker;12;19.8;MIRI/Imaging,NIRCam/Imaging
7985;Resolving the thin disk of a nearby Milky Way analog;Adam Leroy;12;18.7;MIRI/Imaging,NIRCam/Imaging
8258;Formation and nature of the UV-brightest starbursts in the distant Universe;Rui Marques-Chaves, Daniel Schaerer;12;38.0;NIRCam/Imaging,NIRSpec/IFU
8281;A gravitational perturber in B1938+666: a challenge for CDM or an unusual globular cluster?;Simona Vegetti, John McKean;12;30.4;NIRCam/Imaging
8290;The obscured regions of the nearest Lyman continuum leaker: massive stars or accreting black holes?;Goeran Oestlin;12;19.9;MIRI/MRS,NIRCam/Imaging,NIRSpec/IFU
8317;The Return of the Giants: Constraining the TP-AGB Phase across Cosmic Time;Mariska Kriek;6;7.6;NIRSpec/MOS
8564;Staring at the Void: Supernova-Driven Star Formation and Supression in the Largest Local Superbubble;Rupali Chandar;12;29.0;MIRI/MRS,NIRSpec/IFU
8582;Towards a complete NIR/MIR view of the circumgalactic medium of a brightest cluster galaxy at z=0.4;Allison Man, Paola Andreani;12;12.9;MIRI/MRS,NIRSpec/IFU
8607;Studying cosmic noon at 200 parsec scales: resolved spectroscopy of a magnified dusty quiescent galaxy;Jared Siegel, David Setton;12;19.6;NIRSpec/IFU
8660;Touched by Fire: Resolving the AGN Impact on PAH Emission in Galaxies;Grant Donnelly;12;3.0;NIRSpec/IFU
8726;A Resolved Infrared Census of Star Formation and AGN Activity in Rapidly Quenched Galaxies;Adam Smercina;12;25.0;MIRI/MRS,NIRCam/Imaging
8735;Measuring sizes of star clusters in nearby galaxies using PHANGS;Oleg Gnedin;&nbsp;;&nbsp;;&nbsp;
8824;Challenging Conventional Galaxy Formation: A Possible 500 km/s Velocity Dispersion at z=2;Pieter van Dokkum;12;5.9;NIRSpec/IFU
8921;Learning From Your Failures: Are these Ultra-Diffuse Galaxies the Massive Failures of Galaxy Evolution?;Eric Peng, Elisa Toloba;12;25.3;NIRCam/Imaging,NIRSpec/MOS
6840;Jupiter&#39:s Oval BA: Trends in Space and Time;Michael Wong;12;13.2;MIRI/MRS,NIRCam/Imaging,NIRSpec/IFU
6865;Jupiter&#39:s Stripes: Testing the Canonical View of Banded Circulation Patterns on Giant Planets;Leigh Fletcher;12;21.2;MIRI/MRS
7248;A spectrophotometric survey of the colors of trans-Neptunian objects: An efficient constraint on post-formation evolution in the outer Solar System;David Trilling, Wesley Fraser;3;3.0;NIRCam/Imaging
7570;Exploring the magnetic environments of Uranus and Neptune with JWST;Tom Stallard, Henrik Melin;0;139.2;NIRSpec/IFU
7700;The supremely deep trans-Neptunian object survey: A critical test of planet formation models;David Trilling, Wesley Fraser;0;135.1;NIRCam/Imaging
7813;The origin of CO2 in the Uranian system and possible geologic activity at Ariel;Richard Cartwright;12;14.6;NIRSpec/IFU
7847;Saturn&#39:s E ring in 2025: A rare opportunity to observe material from inside Enceladus;Matthew Hedman;12;20.1;NIRCam/Imaging,NIRSpec/IFU
7937;Cometary and Asteroidal Dust in our Zodiacal Cloud from Archival MIRI Observations of the 10-&micro:m Silicate Feature;Geoffrey Bryden;&nbsp;;&nbsp;;&nbsp;
7996;ToO Observations of Stellar Occultations by TNO Ring Systems;Benjamin Proudfoot;12;6.0;NIRCam/TSO
8147;Chasing the Great Red Spot: Exploring Coupling Between Jupiter&#39:s Atmospheric Layers;Paola Tiranti;12;15.6;NIRSpec/IFU
8173;The evolution of comet-impact products in Jupiter&#39:s atmosphere: a benchmark for auroral chemistry in giant (exo)planets;Pablo Rodriguez Ovalle, Thibault Cavalie and Thierry Fouchet;12;14.7;MIRI/MRS
8214;Mining JWST data for hidden asteroid gems;Artem Burdanov, Julien de Wit;&nbsp;;&nbsp;;&nbsp;
8445;Complex Cyanides as Tracers for Unlocking the Chemical History of Trans-Neptunian Objects;Sasha Cryan;12;45.9;NIRSpec/FS
8663;Is the Moon an Active Source of Near-Earth Asteroids? Testing the Origins of Earth Quasi-Satellite Kamo`oalewa;Benjamin Sharkey;12;12.8;NIRSpec/IFU
8782;Nominally anhydrous asteroids as reservoirs of water in the inner solar system;Katherine de Kleer, Cody Schultz;12;16.8;NIRSpec/IFU
8812;Distribution of water in the solar system from crossover region spectroscopy of asteroids;Anicia Arredondo;&nbsp;;&nbsp;;&nbsp;
8857;Io&#39:s Auroral Emissions as a Tool to Investigate Atmosphere-Plasma Torus Interactions;Zachariah Milby;12;9.6;NIRSpec/IFU
8976;Testing Outer Solar System Surface Evolution with Retrograde Centaurs;Matthew Belyakov;12;21.2;NIRSpec/IFU
9078;Probing the origin and interiors of Jupiter Trojans through the study of collisional fragments;Ian Wong;12;15.5;NIRSpec/IFU
6821;Dust, gas, and ice formed before and after stellar mergers;Tomasz Kaminski;12;9.2;MIRI/MRS,NIRSpec/FS
6852;Calibrating Stellar Evolutionary Models using M31 Clusters;Steven Goldman;12;30.2;MIRI/MRS
6866;Sakurai&#39:s Object - mineralogy and morphology;Aneurin Evans, Chick Woodward;12;9.2;MIRI/MRS,NIRSpec/IFU
6886;Reconstructing the history of FUor outbursts by tracing jet knot proper motions;Stefan Kraus;12;2.3;NIRCam/Imaging
6987;Unveiling Eta Carinae&#39:s Eruptive Mass-Loss History with JWST Spectroscopy;Patrick Morris;12;36.4;MIRI/MRS,NIRSpec/FS,NIRSpec/IFU
7035;Brown Dwarfs in NGC 602 in the SMC - An opportunity to characterize a substellar IMF at low metallicity;Peter Zeidler;12;77.8;NIRCam/Imaging,NIRSpec/MOS
7075;Kepler&#39:s Supernova Remnant: New fundamental Insights into Type Ia Supernova Explosions;Dan Milisavljevic;12;30.8;MIRI/Imaging,MIRI/MRS,NIRCam/Imaging,NIRSpec/IFU
7119;Does Reionization Quench All Ultra-faint Dwarf Galaxies? The Ancient Star Formation History of Pegasus W;David Sand;0;8.8;NIRCam/Imaging
7169;Dissecting the Arches cluster: An ideal test bed to study the metal-rich Universe;Alexandre Legault;12;68.5;NIRSpec/IFU
7196;How Extreme is Pegasus W? Testing Galaxy Evolution at the Lowest Stellar Masses;Ivanna Escala, Karoline Gilbert, Kristen McQuinn, David Nidever, and Erik Tollerud;12;25.0;NIRCam/Imaging,NIRSpec/MOS
7199;Anomalous infrared fluxes of M dwarfs;Erik Zackrisson;12;13.2;MIRI/MRS
7213;Probing the disk evolution in an early stage massive protocluster;Yu Cheng;12;23.0;MIRI/Imaging,NIRCam/Imaging
7321;SN 2008S and NGC 300 2008-OT: Are They Terminal Electron Capture Supernovae?;Sam Rose;12;6.0;MIRI/Imaging,NIRCam/Imaging
7358;The Other Extreme: Enabling Characterization of Metal-poor Brown Dwarfs and testing our Understanding of Jupiter and Saturn;Sagnick Mukherjee;&nbsp;;&nbsp;;&nbsp;
7607;Unveiling the Role of Stellar Density in the Formation of Free-Floating Planetary-Mass Objects in the Milky Way;Koraljka Muzic, Victor Almendros-Abad;12;18.4;NIRCam/Imaging
7648;N6946-BH1: Fading following a failed supernova, or post-merger recovery?;Emma Beasor;12;16.4;MIRI/Imaging,MIRI/MRS,NIRCam/Imaging
7782;A Spectroscopic Survey of the Orion Nebula Cluster: Protostars, Proplyds, and Planetary Mass Objects;Kevin Luhman;12;44.0;NIRCam/Imaging,NIRSpec/MOS
7793;A Deep Dive Spectroscopic Study of an Auroral Emitting World;Jacqueline Faherty;12;40.0;MIRI/MRS,NIRSpec/FS
7827;Looking into the core of the explosions of massive stars;Rubina Kotak, Luc Dessart;12;19.9;MIRI/LRS
7831;Development of a Time-Variable Bad Pixel Mask for MIRI LRS from Blank Sky and Failed Observations;Sam Barber, Stanimir Metchev;&nbsp;;&nbsp;;&nbsp;
7881;Watching Dust Formation in Real Time in Two Very Nearby Core Collapse Supernovae;Jennifer Andrews;0;5.0;MIRI/Imaging
7934;A Deep, High Resolution NIRCam Mosaic of Cas A: Keeping Up with its Rapidly Evolving Structure;Robert Fesen;12;8.4;NIRCam/Imaging
8060;JWST Multi-Cycle Deep Transient Survey in GOODS-S;Eiichi Egami, Roberto Maiolino and Armin Rest;0;42.9;NIRCam/Imaging,NIRSpec/MOS
8106;Probing the chemical (in)homogeneity of free-floating brown dwarfs and planets in the Upper Scorpius star-forming region;Zhoujian Zhang, Jonathan Fortney and Paul Molliere;12;56.1;NIRSpec/FS
8140;Empirically anchoring the physics of silicate clouds using L0- T9 benchmark brown dwarfs;Zhoujian Zhang, Jonathan Fortney and Paul Molliere;12;27.1;MIRI/LRS,NIRSpec/FS
8155;Storms are Brewing in the ONC: Variability Monitoring of 50 Substellar Worlds;Mary Anne Limbach, Johanna Vos;12;43.3;NIRCam/TSO
8170;The power of the dark side: Weighing a super-massive neutron star with JWST;Manuel Linares;12;7.9;NIRSpec/FS
8277;A Comprehensive Survey of the Stellar Halos of Milky Way Analogs out to 20 Mpc: Revealing Galaxy Merger Histories and Their Effects;Adam Smercina, Eric Bell;12;73.9;NIRCam/Imaging,NIRISS/Imaging
8441;The Cold Worlds Spectral Library;Jacqueline Faherty;0;175.2;MIRI/MRS,NIRSpec/FS
8525;Evolutionary Snapshots of Massive Star Formation in NGC 6822;Alec Hirschauer;12;19.2;MIRI/Imaging,NIRCam/Imaging
8587;Star Formation in a High-Mass IRDC: Suppressed or Veiled?;Thushara Pillai, Robert Gutermuth, Tracy Huard, Jens Kauffmann, Shuo Kong, and others*;12;24.0;MIRI/Imaging,NIRCam/Imaging
8633;Back from the dead or the final nail in the coffin: is SN2008S still alive?;Conor Ransome;12;7.1;MIRI/Imaging,NIRCam/Imaging
8655;Dynamic modeling of the shocking dust physics in WR 140;Christopher Russell;&nbsp;;&nbsp;;&nbsp;
8657;How does Rotation Impact Y Dwarf Atmospheres?;Brianna Lacy, Huazhi Ge;&nbsp;;&nbsp;;&nbsp;
8683;MIRI spectroscopy of high ionisation stellar wind emission lines: Solving the weak wind problem in late O-type stars;Calum Hawcroft;12;34.4;MIRI/MRS
8712;Unlocking the Secrets of NGC 2808&rsquo:s Multiple Populations;Massimo Griggio;12;9.7;NIRCam/Imaging,NIRISS/Imaging
8762;Late-Time Near/Mid-Infrared Nebular Spectroscopy of a Kilonova with JWST;Daniel Brethauer;0;19.6;MIRI/Imaging,MIRI/LRS,NIRSpec/FS
8789;Disentangle the puzzling jets/outflows in a young protobinary system;Yu Cheng;12;5.1;NIRSpec/IFU
8851;Warm matter around long-period pulsars;Bettina Posselt, George Pavlov;12;7.7;NIRCam/Imaging
8872;The Dark Side of the Force: Unraveling Protostellar Jet Asymmetry by Probing TMC1A&#39:s Fainter Red-shifted Outflow with JWST;Korash Assani, Zhi-Yun Li;12;7.5;MIRI/MRS,NIRSpec/IFU
8878;Filling the Gap: A JWST Survey Program to Track Dust Growth in Supernovae;Ori Fox;0;1.7;MIRI/Imaging
8883;Overlooked Discoveries: An Archival Exploration of Dusty Supernovae from Cycles 2 &amp: 3;Ori Fox;&nbsp;;&nbsp;;&nbsp;
8960;A survey of low mass stars in globular clusters: Probing the Origin of Multiple Stellar Populations with JWST;Antonino Milone, Anna Marino;12;28.4;NIRCam/Imaging,NIRISS/Imaging
9012;The missing link for understanding multiple populations in star clusters;Antonino Milone;12;20.7;NIRCam/Imaging
9111;An Infrared View of the Type Iax Supernova Remnant Pa 30;Ilaria Caiazzo, Tim Cunningham;12;26.7;MIRI/MRS
9218;Tracking Dust Formation and Destruction from the Moment Before a Star Explodes to Four Years After;Ryan Foley, Kyle Davis and Kirsty Taggart;12;7.8;MIRI/Imaging,MIRI/MRS,NIRSpec/IFU
6827;From Dawn till Noon: Chronicling the Cosmic History of Black Hole Growth;Anna-Christina Eilers;12;110.9;MIRI/Imaging,NIRCam/WFSS
7033;Mapping the Dust and Multiphase Gas in the Perseus Cluster of Galaxies;Julie Hlavacek-Larrondo, Hyunseop Choi;12;12.4;NIRCam/Imaging,NIRSpec/MOS
7076;A comprehensive population study of Little Red Dots: Connecting early BH and galaxy growth;Hollis Akins;12;86.2;NIRSpec/MOS
7078;On the search for a primeval black hole in a spectroscopically-confirmed galaxy at z=12.3;Ikki Mitsuhashi;12;49.1;MIRI/MRS
7076;A comprehensive population study of Little Red Dots: Connecting early BH and galaxy growth;Hollis Akins;12;86.2;NIRSpec/MOS
7078;On the search for a primeval black hole in a spectroscopically-confirmed galaxy at z=12.3;Ikki Mitsuhashi;12;49.1;MIRI/MRS
7140;A JWST Survey of Compton Thick AGN;Lee Armus, Claudio Ricci and Nuria Torres-Alba;12;61.0;MIRI/Imaging,MIRI/MRS
7195;Deciphering the torus and extended dust properties of local active galactic nuclei;Almudena Alonso-Herrero, Ismael Garcia Bernete and Sebastian Hoenig;12;32.7;MIRI/MRS,NIRSpec/IFU
7429;Unraveling Effects of Different Modes of AGN Feedback via PAH Features;Lulu Zhang;12;11.6;MIRI/MRS,NIRSpec/IFU
7457;Quenching physics and age demographics of stellar populations in a massive radio-loud AGN host galaxy at z~3.5;Wuji Wang, Dominika Wylezalek;12;11.6;MIRI/MRS,NIRCam/Imaging
7491;Probing hidden active SMBHs in the epoch of reionization: the missing link between classical quasars and faint JWST AGNs;Yoshiki Matsuoka, Masafusa Onoue;12;48.2;NIRSpec/FS
7492;MILAN - MIRI LRS Program of AGN at Cosmic Noon;Dominika Wylezalek, David Rupke;12;42.2;MIRI/LRS
7503;CACTUS: Comprehensive Analysis of Compton-Thick AGN in the early UniverSe;Eleonora Parlanti;12;49.9;NIRSpec/IFU
7532;A Joint Mid-IR and X-ray Investigation of the Physics Driving Sgr A*&#39:s Flares;Joseph Hora, Daryl Haggard and Sebastiano von Fellenberg;12;34.4;MIRI/MRS
7760;Testing the gravitational lens origin of SAV events -- MIRI/MFS IFU observations of PKS 1413+135;Eric Perlman;12;2.7;MIRI/MRS
7802;Dust in shocks: The missing link in AGN feedback;Houda Haidar;12;14.1;MIRI/MRS
7893;Host Galaxy Properties of the Most Massive Quasars at Cosmic Noon;Mingyang Zhuang;12;17.9;NIRCam/Imaging,NIRSpec/FS
7935;Efficient Measurement of the Emergence Rate of AGN in Legacy Deep Field;Fengwu Sun, Xiaojing Lin;12;36.2;NIRSpec/MOS
8139;Local Analogs of JWST&#39:s high-z AGN: Uncovering a deeply embedded IMBH in a compact metal poor dwarf;Shobita Satyapal;12;5.8;MIRI/MRS
8204;Give me a break: the search for stars in a prototypical Little Red Dot;Jenny Greene, Ivo Labbe;12;17.0;NIRSpec/MOS
8213;Warm or gone? Searching for molecular gas in a massive quiescent galaxy at z = 3;Jan Scholtz;12;6.7;MIRI/MRS
8217;Pushing the limit of supermassive black holes correlations to ultramassive galaxies;Dieu Nguyen, Michele Cappellari;12;48.0;NIRCam/Imaging,NIRSpec/IFU
8245;Mid-infrared overview of the turning on AGN candidate and X-ray QPE emitter SDSS1335+0728;Paula Sanchez Saez, Megan Masterson;12;3.6;MIRI/MRS
8273;Photometric Quasar Light Echo Tomography at z=5.7 with Subaru/HSC and NIRCam/WFSS;Shane Bechtel;12;17.3;NIRCam/WFSS
8322;Astrometric monitoring of the fast stars around the intermediate-mass black hole in Omega Centauri;Maximilian Haeberle;12;2.6;NIRCam/Imaging,NIRISS/Imaging
8325;Understanding the nature of the first wandering AGN candidate in a clump;Ivan Delvecchio, Giorgia Peluso;12;8.8;NIRSpec/IFU
8391;A Triad Mystery: Deciphering a Triple Broad-Line Radio AGN System at Kpc Separation with JWST;Vivian U;12;7.4;NIRCam/Imaging,NIRSpec/IFU
8457;Exploring the Extremes: A JWST Study of Hyper-Eddington AGN;Claudio Ricci, Shobita Satyapal;12;26.5;MIRI/MRS,NIRSpec/IFU
8493;Spatially resolving obscured AGN candidates in galaxy mergers with JWST photometry;Robert Barrows;&nbsp;;&nbsp;;&nbsp;
8520;Balmer Breaks in Little Red Dots: Stellar Populations or Dense Neutral Gas?;Anthony Taylor;12;10.8;NIRSpec/MOS
9138;Investigating the Cumulative Feedback of High-Redshift Restarted Radio AGN on Massive Galaxy Quenching;Pranav Kukreti, Bruno Dall&#39;Agnol de Oliveira;12;12.6;NIRSpec/FS
9177;Unmasking a Potential Recoiling Black Hole or Hyperluminous Blue Variable;Michael Koss;12;2.7;NIRSpec/IFU
