6915;Direct Detection and Characterization of a Nearby Temperate Giant Planet;William Balmer;12;47.3;MIRI/Coronagraphy,NIRCam/Coronagraphy
6932;Bridging the generation gap with TOI-1801 b, a 700 Myr-old temperate sub-Neptune;Rafael Luque, Matthew Nixon;12;47.3;NIRISS/SOSS,NIRSpec/BOTS
6978;The dayside of the coolest ultra-hot Jupiter, KELT-20b, resolved with eclipse mapping;Joost Wardenier, Antoine Darveau Bernier and Mark Hammond;12;16.7;NIRSpec/BOTS
7068;Surveying Stellar Shenanigans: Exploring M dwarf Flares for Exoplanetary Insights;Dhvani Doshi;12;47.6;NIRISS/SOSS
7073;Charting the Cosmic Shoreline;Jacob Lustig-Yaeger, Kevin Stevenson;0;244.8;NIRISS/SOSS,NIRSpec/BOTS
7188;All you need is Love numbers: simultaneous measurement of the oblateness and atmospheric composition of a warm gas giant;Lorena Acuna;12;34.9;NIRSpec/BOTS
7251;Does Our Closest M-Dwarf Rocky Neighbor Have An Atmosphere? We Need to Find Out.;Katherine Bennett;12;43.6;NIRCam/GTS
7255;A Day In The Life of KELT-9b;Kevin Stevenson, Joshua Lothringer;12;52.2;NIRISS/SOSS
7268;Easing the Tension: Near-Infrared Spectroscopy of HR 8799 b,c,d,e;Evert Nasedkin;12;5.1;NIRSpec/IFU
7407;Completing the sub-Neptune Spectral Sequence with HD 86226 c;Matthew Nixon;12;31.1;MIRI/LRS,NIRCam/GTS
7564;A Search for Life Around Two Dead Stars;Mary Anne Limbach;12;27.2;MIRI/Imaging,MIRI/MRS
7675;Confirming a Tentative Terrestrial Atmosphere Detection on LHS 1478 b with JWST/MIRI;Prune August, Lars Buchhave and Alexander Rathcke;12;38.4;MIRI/Imaging,MIRI/LRS
7683;A Parched Giant orbiting a Red Dwarf: Fact or Fiction?;Shubham Kanodia, Nicole Wallack;12;22.5;MIRI/LRS
7686;Brown Dwarf Broiler: Probing Chemical Quenching and Heat Redistribution in a Highly-Eccentric Brown Dwarf;Elijah Mullens, Ryan Challener;12;31.7;NIRSpec/BOTS
7849;Meeting their Match: Measuring Cloudy Hot Jupiter Counterparts to Understand the Silicate Cloud Regime with JWST/MIRI;Sarah Moran, Lili Alderson;12;46.1;MIRI/LRS
7875;The only known atmosphere on a rocky exoplanet?;Michael Zhang, Arjun Savel and Maria Steinrueck;12;19.8;MIRI/MRS
7953;Exo-Geology: Surface Spectral Features from a Rocky Exoplanet;Kimberly Paragas;12;41.4;MIRI/LRS,NIRSpec/BOTS
7982;Warm Jupiters: the next step in uncovering giant planet formation and migration;Alastair Claringbold, James Owen;12;74.1;NIRISS/SOSS,NIRSpec/BOTS
8004;Cliff Hangers: Testing for Atmosphere-Mantle Interactions in Radius Cliff Planets;Natasha Batalha;12;49.4;NIRSpec/BOTS
8017;Resolving Atmospheric Uncertainties and Building a Legacy Dataset for WASP-39b;Luis Welbanks, Matthew Nixon;0;18.5;NIRSpec/BOTS
8063;Beyond C/O and metallicity: Can refractory abundances reveal the origin of the largest planets?;Jean-Baptiste Ruffio, Quinn Konopacky;12;58.9;NIRSpec/IFU
8233;Mapping the Atmosphere and Interior of HAT-P-13b: The Next Benchmark for Exoplanetary Science;Yamila Miguel;12;19.4;NIRISS/SOSS,NIRSpec/BOTS
8309;It&rsquo:s (poly)Morphin&rsquo: Time! Solving the quartz quandary of WASP-17b;Elijah Mullens, Sarah Moran;12;37.7;MIRI/LRS
8438;The first spectrum of a temperate super-Jupiter planet;Olivier Berne;12;19.9;MIRI/MRS,NIRSpec/IFU
8696;Ammonia and methane on a temperate giant planet orbiting a late M dwarf;Michael Zhang;12;6.8;NIRSpec/BOTS
8714;Combining isotopic and elemental abundances to unveil the formation and accretion history of a cold Jupiter;Jerry Xuan, Jean-Baptiste Ruffio, Aniket Sanghi, and Yapeng Zhang;12;19.7;MIRI/MRS,NIRCam/Coronagraphy,NIRSpec/IFU
8739;Precise Direct Interior Composition Measurements of a New Disintegrating Terrestrial Planet;Marc Teng Yen Hon, Nick Tusay;12;44.0;MIRI/LRS
8846;The Polar Expedition: Extracting Spectra of Polar Regions in Planetary-mass Objects and Brown Dwarfs;Nguyen Fuda, Daniel Apai;12;112.0;NIRSpec/BOTS
8864;Surveying Hellish Worlds: Lava Planets as Time Capsules of Thermal Evolution;Lisa Dang;12;100.4;MIRI/LRS
8877;The Core of the Matter: Constraining the Formation History of a Super-Jupiter;Nicole Wallack, Julie Inglis;12;25.8;NIRSpec/BOTS
9025;The Warm Jupiter Opportunity for Understanding Giant Exoplanet Evolution;Peter Gao;12;59.6;NIRSpec/BOTS
9033;By the Ashes of Stars: A Chemical Census of a White Dwarf Planet;Ryan MacDonald;12;13.7;MIRI/LRS,NIRSpec/BOTS
9095;Combining Emission and Transmission Spectroscopy to reveal Exo-Neptune Aerosols, Chemistry, and Formation;Caroline Piaulet Ghorayeb;12;38.0;MIRI/LRS,NIRISS/SOSS,NIRSpec/BOTS
9101;Unveiling the Nature of Super-Puffs: A Panchromatic Transmission Spectroscopy Survey;Michael Radica, Caroline Piaulet Ghorayeb;12;94.6;MIRI/LRS,NIRISS/SOSS,NIRSpec/BOTS
9157;Probing the Dynamical History of a White Dwarf Planet;Sydney Jenkins;12;42.8;MIRI/MRS,NIRSpec/FS
6905;The Bleeding Wedge: Constraining Metal Enrichment of Close-in Companions to Trace Formation;William Balmer;12;22.5;NIRCam/Coronagraphy
6940;Determining the Origin of Water Ice in the Beta Pictoris Debris Disk;Sarah Betti;12;13.7;NIRSpec/IFU
6991;Testing planet-disk interaction theory by imaging a unique spiral-arm-driving and gap-opening protoplanet;Bin Ren;12;8.7;NIRCam/Coronagraphy
7099;Unveiling the Changing C/O Chemistry in Young Planet-Forming Disks with JWST and ALMA;Ilse Cleeves;12;27.0;MIRI/MRS
7135;Population Study of Chemistry in the First Million Years of Planet Formation: A MIRI Survey of Embedded Disks in Ophiuchus;Ke Zhang;12;68.5;MIRI/MRS
7280;Linking the outer structure with inner chemistry in disks around the most common planet hosts;Feng Long;12;21.4;MIRI/MRS
7292;SuperDisks: A high-fidelity public database of protoplanetary and debris disk MIRI-MRS spectra;Klaus Pontoppidan;&nbsp;;&nbsp;;&nbsp;
7313;Determining the Origin of the Gas in the 49 Ceti Debris Disk;Kadin Worthen, Christine Chen;12;7.2;NIRSpec/IFU
7340;A NIRCam - MIRI - ALMA synergy to constrain planet formation at large orbital separations;Stefano Facchini, Gabriele Cugno;12;8.8;MIRI/Coronagraphy
7534;A MIRI spectroscopic atlas of irradiated disks in Orion;Ilane Schroetter, Olivier Berne and Ryan Boyden;12;113.7;MIRI/MRS
7538;Giants in the making: the composition of circumplanetary disks with JWST MIRI-MRS;Gabriele Cugno, Sierra Grant;12;59.1;MIRI/MRS
7612;We can directly image super-Earth-sized planets near the habitable zone of Sirius B with JWST/MIRI;Logan Pearce, Mary Anne Limbach;12;26.6;MIRI/Coronagraphy
7651;JWST-YSES: a Young Suns Exoplanet Survey to study the demographics of sub-Jovian planets around Sun-like stars and unveil the formation and evolution history of widely separated companions;Jens Kammerer, Laurent Pueyo;12;64.7;NIRCam/Coronagraphy
7662;Can accretion explain the carbon dichotomy in planet-forming disks?;Maria Jose Colmenares Diaz;12;30.4;MIRI/MRS
7792;Does the apple fall far from the tree? Comparative chemistry between a CPD and its host disk;Gabriele Cugno, Sierra Grant and Polychronis Patapis;12;7.9;MIRI/MRS
7824;Search for giant planets around white dwarfs with intermediate-mass progenitors in the nearby Hyades cluster;Wolfgang Brandner;12;12.9;NIRCam/Imaging
7833;Planet Authentication in White-dwarf Systems (PAWS): Revealing the Demographics of Exoplanets Orbiting White Dwarfs;Andrew Vanderburg, Mary Anne Limbach;12;19.8;MIRI/Imaging
7890;Young and pristine: chemical content of disks at the onset of planet formation;Lukasz Tychoniec;12;24.5;MIRI/MRS
7942;From data-driven to physics-based: improving exoplanet imaging with differentiable coronagraph models;Rodrigo Ferrer-Chavez, Jason Wang;&nbsp;;&nbsp;;&nbsp;
7944;A MIRI/MRS Deep Dive into Dust Loss and Disk Chemistry for Three Archetypical Proplyds;Nicholas Ballering;12;13.2;MIRI/MRS
7988;Multiplexed Planet Discovery and Binary-Star Disk Demographics in the Young Cluster IC 348 with a Pilot for Full-Frame NIRISS AMI;Adam Kraus;12;13.2;NIRISS/AMI
7993;Do protoplanetary disk substructures regulate water enrichment and pebble drift across different environments?;Jane Huang;12;24.4;MIRI/MRS
8142;JEDIS: The JWST Eccentric debris DIsk Survey;Josh Lovell;12;6.4;MIRI/Imaging
8301;JWST Mid-IR Observations of Warm Debris Disks around Nearby M-dwarfs;Inseok Song;12;19.2;MIRI/LRS
8328;Direct detection of a multi-planet system caught in formation;Christian Ginski, Laura Perez;12;6.2;NIRCam/Coronagraphy
8330;Calibration of the Brighter-Fatter Effect in AMI with a Reference Binary;Benjamin Pope;0;6.4;NIRISS/AMI
8369;Making JWST as good as it should be: Bridging the NIRISS/AMI performance gap with model-based post processing;Matthew De Furio, Alexandra Greenbaum and Marie Ygouf;&nbsp;;&nbsp;;&nbsp;
8496;Searching for New Formation of the Earliest Solar System Materials in the Infant RW Aur A Exoplanetary System;Carey Lisse;&nbsp;;&nbsp;;&nbsp;
8507;Confirming sub-Jupiter mass planets at 20 au around a nearby star;Tiffany Meshkat;12;7.3;NIRCam/Coronagraphy
8581;The HOTH Survey: Hot On The Hunt for frigid exoplanets in the solar neighborhood;Rachel Bowens-Rubin, Mary Anne Limbach;12;3.4;MIRI/Imaging
8597;Measuring the Bulk Properties of a 3 Myr Transiting Exoplanet and its Original Protoplanetary Disk;Adina Feinstein, Jennifer Bergner;12;45.9;MIRI/MRS,NIRISS/SOSS,NIRSpec/BOTS
8604;Debris Disks as the Origin of High Altitude Clouds in Exoplanet Atmospheres;Phil Arras;&nbsp;;&nbsp;;&nbsp;
8826;The Turning Tide: Discovering Unprecedented Exoplanets and Disks Around Fast-Rotating M Dwarfs;Kellen Lawson;12;45.1;NIRCam/Coronagraphy
9042;For the Love of Exoplanets: Characterization of the Internal Structure of Hot-Jupiters;David Kipping;&nbsp;;&nbsp;;&nbsp;
9056;Imaging the Coldest Planets Around the Nearest Accelerating Stars;Kyle Franson;12;49.4;MIRI/Coronagraphy
9067;The Jovians Around White Dwarfs with Metals (JAWZ) Survey: The Highest Resolution Direct Constraints on Giant Planets Orbiting Polluted White Dwarfs;Steph Sallum;12;1.2;NIRISS/AMI
9077;The iconic debris disk surrounding the white dwarf G29-38;Tim Cunningham;12;11.8;MIRI/Imaging,MIRI/LRS,MIRI/MRS,NIRSpec/BOTS
9079;JWST/NIRCam multi-color monitoring of a rare catastrophic collision directly imaged in a nearby planetary system;Paul Kalas;12;11.4;NIRCam/Imaging
9091;Imaging a Hidden Super-Jupiter Accelerating its Metal-rich M-dwarf Host;Marvin Morgan, Brendan Bowler;12;16.1;MIRI/Coronagraphy
